{
    "sql1.sql": [
        0.668989896774292,
        0.7149968147277832
    ],
    "sql2.sql": [
        0.8248364925384521,
        0.8716285228729248
    ],
    "sql3.sql": [
        3.661651372909546,
        3.4705188274383545
    ],
    "sql4.sql": [
        192.1153542995453,
        204.64598155021667
    ],
    "sql5.sql": [
        3.648332118988037,
        4.249596118927002
    ],
    "sql6.sql": [
        81.59968113899231,
        79.37227892875671
    ]
}