{
    "sql1.sql": {
        "min_time": 0.668989896774292,
        "max_time": 0.7149968147277832,
        "avg_time": 0.6919933557510376
    },
    "sql2.sql": {
        "min_time": 0.8248364925384521,
        "max_time": 0.8716285228729248,
        "avg_time": 0.8482325077056885
    },
    "sql3.sql": {
        "min_time": 3.4705188274383545,
        "max_time": 3.661651372909546,
        "avg_time": 3.56608510017395
    },
    "sql4.sql": {
        "min_time": 192.1153542995453,
        "max_time": 204.64598155021667,
        "avg_time": 198.38066792488098
    },
    "sql5.sql": {
        "min_time": 3.648332118988037,
        "max_time": 4.249596118927002,
        "avg_time": 3.9489641189575195
    },
    "sql6.sql": {
        "min_time": 79.37227892875671,
        "max_time": 81.59968113899231,
        "avg_time": 80.48598003387451
    }
}